,ground,pred
0,2,0
1,1,1
2,0,0
3,1,1
4,1,1
5,1,1
6,0,3
7,0,0
8,2,1
9,2,1
10,0,3
11,2,1
12,2,3
13,0,0
14,0,1
15,0,2
16,0,1
17,0,4
18,1,1
19,2,1
20,0,3
21,0,3
22,0,1
23,2,4
24,0,0
25,1,1
26,2,0
27,2,3
28,1,1
29,0,2
30,2,3
31,2,3
32,2,0
33,2,3
34,2,3
35,1,1
36,1,1
37,2,0
38,0,0
39,0,0
40,0,3
41,2,0
42,2,4
43,2,1
44,1,1
45,1,1
46,2,1
47,1,1
48,0,0
49,0,1
50,2,1
51,2,4
52,0,0
53,1,1
54,2,1
55,1,1
56,2,1
57,2,3
58,2,3
59,1,1
60,2,1
61,2,1
62,2,1
63,0,1
64,2,1
65,0,0
66,1,1
67,2,1
68,0,0
69,2,3
70,1,1
71,1,1
72,2,0
73,2,1
74,1,1
75,0,3
76,0,3
77,0,3
78,1,1
79,2,3
80,1,1
81,2,1
82,2,1
83,1,1
84,1,1
85,2,1
86,0,1
87,0,0
88,2,1
89,2,1
90,0,4
91,1,1
92,2,1
93,2,3
94,1,1
95,2,1
96,0,0
97,2,3
98,2,3
99,1,1
100,2,0
101,2,3
102,1,1
103,0,3
104,2,1
105,1,1
106,2,1
107,2,3
108,2,1
109,0,3
110,2,1
111,2,3
112,2,1
113,1,3
114,0,0
115,1,1
116,1,1
117,2,1
118,0,1
119,2,1
120,1,3
121,1,1
122,2,3
123,2,0
124,1,2
125,2,0
126,1,1
127,1,1
128,2,3
129,2,1
130,1,1
131,2,1
132,2,3
133,2,3
134,1,1
135,0,0
136,1,1
137,1,1
138,2,1
139,1,2
140,0,3
141,0,0
142,1,1
143,1,5
144,2,4
145,1,1
146,1,1
147,0,2
148,2,4
149,0,1
150,2,0
151,1,1
152,1,1
153,1,1
154,2,1
155,2,0
156,0,1
157,0,3
158,2,3
159,1,1
160,1,1
161,1,1
162,1,1
163,2,1
164,2,3
165,2,1
166,1,1
167,1,1
168,1,1
169,0,3
170,2,1
171,2,1
172,0,3
173,2,1
174,0,3
175,1,1
176,2,3
177,2,3
178,1,1
179,0,0
180,1,1
181,0,0
182,2,5
183,2,1
184,2,0
185,2,1
186,2,1
187,0,3
188,0,0
189,0,4
190,2,5
191,0,0
192,2,1
193,1,1
194,1,3
195,2,3
196,2,1
197,2,3
198,1,1
199,2,4
200,0,0
201,2,1
202,2,1
203,0,3
204,0,0
205,0,0
206,0,3
207,0,3
208,2,3
209,1,1
210,2,0
211,2,3
212,1,1
213,1,1
214,0,1
215,0,3
216,2,3
217,0,3
218,1,1
219,2,4
220,0,3
221,1,1
222,1,1
223,1,1
224,2,1
225,0,1
226,2,3
227,1,1
228,0,0
229,0,3
230,1,1
231,0,3
232,1,1
233,2,1
234,0,1
235,1,1
236,0,0
237,2,1
238,1,1
239,0,0
240,1,3
241,2,1
242,0,3
243,0,0
244,1,1
245,2,1
246,2,1
247,0,0
248,1,1
249,0,0
250,0,4
251,2,4
252,2,1
253,2,3
254,1,1
255,2,1
256,0,1
257,2,1
258,1,1
259,0,3
260,1,3
261,2,3
262,1,1
263,0,1
264,1,2
265,1,2
266,0,0
267,0,3
268,1,1
269,0,0
270,2,1
271,1,3
272,2,1
273,1,1
274,2,1
275,2,3
276,0,1
277,0,0
278,1,1
279,1,1
280,2,3
281,1,1
282,2,1
283,0,3
284,0,0
285,2,3
286,1,1
287,0,4
288,1,1
289,1,1
290,1,3
291,2,0
292,1,1
293,0,3
294,0,1
295,1,3
296,1,3
297,1,1
298,0,0
299,2,3
300,2,1
301,2,1
302,2,1
303,2,1
304,2,1
305,1,1
306,0,1
307,0,1
308,0,2
309,1,1
310,1,1
311,1,1
312,2,1
313,2,3
314,2,3
315,1,1
316,2,3
317,1,1
318,2,4
319,0,3
320,1,1
321,0,3
322,0,0
323,2,2
324,0,3
325,1,1
326,1,1
327,0,0
328,1,1
329,0,3
330,0,0
331,2,1
332,2,3
333,1,1
334,1,1
335,0,3
336,0,4
337,2,1
338,1,1
339,2,1
340,0,0
341,2,1
342,0,0
343,2,3
344,2,1
345,0,0
346,1,0
347,0,3
348,2,4
349,2,3
350,2,1
351,1,1
352,0,3
353,0,1
354,2,4
355,0,0
356,0,0
357,1,1
358,1,1
359,1,2
360,1,1
361,0,3
362,2,1
363,2,3
364,2,1
365,1,1
366,1,1
367,2,1
368,0,1
369,1,1
370,0,0
371,2,3
372,2,1
373,2,3
374,1,0
375,0,0
376,1,2
377,1,1
378,1,1
379,1,1
380,0,3
381,2,2
382,2,3
383,2,1
384,1,1
385,0,0
386,1,1
387,2,3
388,2,3
389,0,1
390,0,0
391,2,1
392,1,1
393,2,3
394,2,0
395,2,1
396,1,1
397,1,1
398,0,0
399,2,1
400,2,3
401,0,1
402,2,3
403,0,0
404,1,1
405,2,3
406,1,1
407,2,3
408,1,1
409,0,0
410,0,3
411,1,1
412,0,0
413,1,1
414,1,1
415,0,0
416,1,1
417,1,1
418,2,4
419,1,1
420,2,1
421,2,1
422,2,1
423,2,1
424,0,0
425,2,1
426,2,3
427,2,1
428,1,1
429,2,3
430,0,3
431,0,2
432,2,1
433,1,1
434,2,1
435,2,1
436,2,1
437,2,1
438,1,3
439,0,3
440,1,1
441,0,0
442,2,0
443,1,1
444,1,3
445,1,4
446,0,3
447,2,3
448,1,2
449,2,1
450,2,3
451,1,1
452,1,1
453,0,0
454,0,0
455,2,3
456,0,3
457,0,0
458,2,1
459,2,1
460,2,1
461,1,1
462,1,1
463,0,0
464,2,1
465,1,1
466,1,1
467,2,3
468,1,1
469,2,3
470,1,1
471,1,1
472,2,4
473,1,1
474,2,0
475,1,1
476,0,1
477,2,3
478,2,3
479,2,1
480,1,1
481,2,1
482,0,0
483,0,3
484,2,1
485,1,1
486,1,2
487,1,1
488,2,1
489,0,1
490,2,1
491,2,1
492,0,3
493,1,2
494,1,1
495,1,1
496,1,1
497,0,1
498,2,1
499,2,1
500,0,3
501,2,1
502,1,5
503,1,1
504,0,0
505,0,0
506,2,1
507,0,0
508,0,1
509,1,0
510,0,3
511,0,3
512,2,1
513,0,0
514,0,4
515,1,1
516,2,1
517,1,1
518,2,1
519,1,2
520,1,1
521,0,1
522,2,1
523,2,1
524,1,4
525,2,1
526,1,1
527,2,1
528,1,1
529,1,1
530,1,1
531,0,1
532,2,1
533,2,0
534,0,1
535,0,0
536,1,1
537,2,3
538,0,1
539,2,1
540,1,1
541,1,1
542,2,1
543,1,5
544,1,1
545,0,1
546,1,1
547,1,4
548,2,1
549,2,1
550,2,1
551,1,1
552,1,1
553,1,4
554,0,0
555,2,0
556,2,1
557,1,1
558,2,1
559,1,1
560,1,1
561,0,1
562,2,3
563,1,1
564,2,3
565,2,3
566,1,1
567,1,1
568,0,0
569,2,1
570,1,1
571,2,3
572,0,3
573,1,2
574,2,0
575,1,3
576,0,1
577,0,0
578,1,1
579,1,1
580,2,1
581,1,1
582,0,0
583,2,0
584,2,1
585,2,3
586,2,1
587,0,3
588,2,3
589,2,1
590,0,0
591,1,2
592,0,1
593,2,3
594,0,0
595,0,3
596,1,1
597,2,0
598,0,0
599,0,0
600,0,3
601,2,1
602,1,1
603,1,1
604,0,1
605,2,1
606,0,1
607,1,1
608,2,3
609,0,1
610,0,1
611,2,1
612,2,0
613,0,1
614,2,3
615,0,0
616,1,1
617,2,3
618,1,1
619,2,3
620,2,3
621,2,1
622,1,1
623,0,0
624,1,1
625,1,1
626,1,2
627,2,0
628,1,1
629,1,1
630,2,1
631,2,1
632,1,1
633,0,0
634,2,3
635,0,0
636,0,4
637,1,3
638,2,0
639,2,1
640,2,4
641,0,3
642,0,1
643,0,1
644,0,3
645,2,3
646,2,1
647,2,3
648,2,1
649,1,1
650,0,0
651,1,1
652,0,3
653,2,1
654,2,1
655,1,1
656,1,1
657,0,1
658,1,1
659,0,3
660,2,1
661,1,1
662,1,1
663,2,3
664,2,3
665,1,1
666,2,3
667,2,1
668,2,1
669,2,1
670,1,1
671,2,3
672,2,0
673,1,1
674,2,1
675,2,1
676,2,1
677,0,0
678,1,3
679,0,3
680,2,3
681,0,0
682,0,3
683,2,1
684,2,1
685,1,4
686,1,1
687,1,1
688,1,1
689,2,1
690,2,1
691,2,1
692,1,1
693,1,1
694,1,1
695,2,3
696,2,3
697,0,0
698,2,1
699,0,0
700,2,1
701,2,1
702,0,0
703,0,3
704,1,1
705,2,1
706,1,1
707,2,1
708,0,1
709,0,0
710,1,1
711,1,1
712,0,1
713,0,1
714,1,1
715,2,1
716,1,1
717,0,0
718,2,4
719,2,3
720,0,1
721,1,1
722,2,1
723,1,1
724,0,4
725,1,3
726,1,3
727,1,1
728,1,3
729,1,1
730,0,1
731,0,4
732,0,3
733,0,0
734,2,0
735,0,3
736,2,1
737,1,1
738,2,0
739,2,1
740,2,4
741,1,1
742,1,1
743,0,3
744,2,4
745,0,0
746,1,1
747,1,1
748,0,3
749,2,3
750,0,3
751,0,0
752,2,1
753,1,1
754,2,1
755,2,3
756,2,1
757,2,3
758,2,3
759,1,1
760,0,3
761,2,3
762,1,1
763,0,0
764,0,3
765,2,1
766,2,3
767,1,1
768,1,1
769,1,3
770,1,1
771,1,1
772,0,0
773,2,3
774,0,4
775,2,1
776,1,1
777,1,1
778,1,1
779,2,1
780,0,0
781,1,1
782,0,3
783,2,3
784,2,3
785,2,3
786,0,3
787,1,1
788,2,3
789,2,3
790,1,1
791,1,1
792,2,4
793,0,0
794,0,1
795,0,4
796,1,1
797,1,1
798,0,1
799,2,3
800,1,1
801,2,1
802,0,3
803,0,0
804,2,1
805,0,0
806,0,1
807,2,1
808,1,1
809,1,3
810,2,3
811,1,1
812,2,3
813,1,1
814,2,3
815,2,1
816,0,0
817,2,1
818,2,3
819,2,1
820,0,1
821,1,1
822,0,3
823,2,3
824,0,0
825,2,1
826,1,2
827,2,1
828,2,3
829,2,3
830,2,3
831,1,1
832,2,4
833,2,1
834,2,3
835,2,3
836,2,3
837,2,1
838,2,0
839,1,1
840,0,3
841,2,3
842,2,3
843,2,1
844,1,1
845,1,3
846,1,1
847,1,1
848,2,1
849,1,1
850,1,0
851,2,1
852,0,3
853,1,1
854,2,1
855,1,1
856,2,1
857,2,1
858,2,1
859,1,1
860,1,1
861,2,3
862,2,1
863,0,3
864,1,1
865,0,0
866,0,3
867,2,1
868,1,1
869,2,4
870,0,0
871,0,1
872,1,1
873,2,0
874,0,0
875,0,1
876,0,1
877,2,1
878,1,0
879,1,3
880,0,1
881,1,1
882,2,3
883,1,1
884,1,1
885,1,3
886,1,1
887,1,1
888,2,0
889,0,3
890,1,1
891,1,1
892,1,4
893,0,0
894,2,1
895,1,1
896,0,1
897,1,1
898,1,1
899,2,3
900,1,1
901,2,3
902,1,1
903,2,3
904,2,0
905,0,3
906,1,1
907,0,0
908,2,1
909,0,0
910,0,3
911,1,1
912,2,3
913,0,0
914,2,3
915,1,1
916,2,1
917,2,1
918,0,0
919,2,3
920,2,3
921,0,0
922,0,0
923,1,1
924,2,1
925,2,1
926,1,1
927,1,1
928,0,0
929,2,1
930,2,1
931,2,1
932,2,4
933,1,1
934,0,0
935,2,1
936,0,3
937,2,1
938,0,0
939,0,3
940,2,1
941,2,1
942,1,1
943,1,1
944,2,0
945,2,1
946,1,0
947,2,1
948,2,3
949,0,0
950,0,3
951,1,1
952,0,4
953,1,1
954,1,1
955,1,1
956,0,3
957,2,1
958,0,1
959,2,3
960,0,3
961,0,1
962,1,1
963,2,3
964,2,1
965,1,1
966,2,3
967,1,1
968,2,1
969,1,1
970,2,1
971,1,1
972,1,1
973,2,1
974,2,3
975,2,1
976,0,0
977,0,1
978,2,1
979,0,0
980,2,1
981,2,1
982,2,0
983,2,1
984,2,1
985,2,1
986,2,1
987,2,3
988,1,1
989,0,5
990,0,0
991,2,3
992,2,1
993,1,1
994,0,0
995,1,1
996,0,3
997,0,3
998,2,1
999,2,3
1000,2,1
1001,1,1
1002,2,3
1003,1,3
1004,2,1
1005,1,1
1006,2,1
1007,1,1
1008,0,0
1009,1,1
1010,2,1
1011,2,1
1012,1,1
1013,2,0
1014,2,3
1015,1,1
1016,1,1
1017,2,3
1018,2,3
1019,0,1
1020,2,3
1021,1,1
1022,0,3
1023,2,3
1024,2,3
1025,1,3
1026,2,3
1027,0,3
1028,0,1
1029,1,1
1030,1,0
1031,1,1
1032,0,0
1033,1,1
1034,0,4
1035,2,3
1036,1,1
1037,1,2
1038,2,1
1039,2,1
1040,1,1
1041,2,1
1042,0,3
1043,2,4
1044,2,1
1045,2,1
1046,2,1
1047,1,1
1048,0,3
1049,0,3
1050,0,1
1051,0,1
1052,1,1
1053,0,3
1054,0,1
1055,0,1
1056,0,3
1057,0,3
1058,1,1
1059,1,1
1060,1,1
1061,1,1
1062,0,0
1063,2,1
1064,1,1
1065,0,0
1066,0,3
1067,2,2
1068,0,0
1069,0,0
1070,2,4
1071,2,1
1072,2,3
1073,0,3
1074,1,1
1075,2,1
1076,2,4
1077,2,1
1078,1,1
1079,1,3
1080,1,1
1081,1,1
1082,0,3
1083,2,1
1084,2,1
1085,2,1
1086,0,1
1087,2,1
1088,2,3
1089,1,1
1090,1,1
1091,0,3
1092,0,0
1093,1,1
1094,2,1
1095,1,1
1096,1,1
1097,2,3
1098,2,1
1099,2,3
1100,2,1
1101,0,3
1102,0,1
1103,0,0
1104,2,4
1105,2,3
1106,0,3
1107,2,1
1108,2,3
1109,2,1
1110,1,1
1111,0,0
1112,2,1
1113,0,3
1114,1,1
1115,0,1
1116,1,1
1117,0,0
1118,1,3
1119,1,1
1120,1,1
1121,2,1
1122,1,1
1123,0,1
1124,0,3
1125,2,1
1126,2,1
1127,1,1
1128,0,0
1129,2,1
1130,2,1
1131,1,1
1132,0,1
1133,1,1
1134,0,3
1135,1,2
1136,0,0
1137,2,1
1138,2,1
1139,0,1
1140,0,1
1141,2,3
1142,2,1
1143,2,0
1144,2,4
1145,0,4
1146,1,1
1147,1,1
1148,0,0
1149,0,3
1150,0,0
1151,2,1
1152,1,1
1153,0,0
1154,0,3
1155,0,0
1156,2,3
1157,0,3
1158,2,3
1159,2,3
1160,1,1
1161,0,3
1162,1,1
1163,2,3
1164,1,4
1165,1,1
1166,2,3
1167,2,1
1168,2,2
1169,1,0
1170,2,1
1171,1,1
1172,0,5
1173,2,1
1174,1,2
1175,0,0
1176,2,1
1177,1,1
1178,0,0
1179,1,1
1180,0,0
1181,2,3
1182,0,2
1183,0,0
1184,1,1
1185,2,3
1186,0,1
1187,2,3
1188,1,1
1189,2,1
1190,2,1
1191,2,3
1192,1,1
1193,0,1
1194,1,1
1195,1,1
1196,2,1
1197,2,3
1198,2,1
1199,1,1
1200,2,1
1201,2,1
1202,1,1
1203,2,3
1204,0,0
1205,1,1
1206,2,1
1207,1,1
1208,1,1
1209,0,3
1210,2,1
1211,2,3
1212,0,3
1213,1,1
1214,1,1
1215,0,0
1216,2,1
1217,0,0
1218,1,1
1219,0,0
1220,2,3
1221,2,1
1222,1,1
1223,2,3
1224,2,3
1225,2,1
1226,2,1
1227,2,1
1228,2,1
1229,2,0
1230,2,3
1231,2,3
1232,0,1
1233,2,3
1234,1,1
1235,0,3
1236,1,1
1237,1,3
1238,2,3
1239,2,1
1240,1,1
1241,2,1
1242,2,3
1243,0,3
1244,2,1
1245,0,1
1246,1,5
1247,2,4
1248,0,3
1249,0,0
1250,2,1
1251,1,1
1252,2,3
1253,0,3
1254,2,3
1255,0,1
1256,2,1
1257,0,3
1258,1,3
1259,0,1
1260,0,3
1261,1,1
1262,0,4
1263,0,0
1264,0,3
1265,2,3
1266,2,3
1267,0,3
1268,0,1
1269,2,1
1270,2,0
1271,2,1
1272,1,1
1273,2,1
1274,2,1
1275,1,1
1276,2,1
1277,1,3
1278,1,1
1279,0,1
1280,0,0
1281,0,0
1282,0,3
1283,2,4
1284,2,1
1285,0,1
1286,2,0
1287,1,3
1288,2,4
1289,2,0
1290,1,1
1291,0,3
1292,2,3
1293,0,3
1294,1,1
1295,0,0
1296,0,1
1297,0,0
1298,0,0
1299,1,3
1300,0,0
1301,2,1
1302,2,1
1303,2,1
1304,1,3
1305,0,0
1306,1,1
1307,1,1
1308,0,3
1309,2,1
1310,2,1
1311,1,1
1312,2,1
1313,1,1
1314,1,1
1315,2,1
1316,1,5
1317,1,1
1318,2,3
1319,2,3
1320,2,1
1321,0,1
1322,1,1
1323,1,1
1324,2,1
1325,0,3
1326,2,0
1327,2,1
1328,2,1
1329,2,0
1330,0,3
1331,0,3
1332,2,3
1333,2,1
1334,1,1
1335,2,1
1336,1,1
1337,1,1
1338,1,1
1339,0,1
1340,1,1
1341,0,3
1342,2,1
1343,1,1
1344,1,1
1345,2,1
1346,0,3
1347,0,1
1348,0,0
1349,2,4
1350,2,1
1351,2,1
1352,1,1
1353,1,1
1354,0,0
1355,0,3
1356,0,3
1357,2,1
1358,1,1
1359,1,1
1360,1,5
1361,1,2
1362,1,1
1363,0,1
1364,2,1
1365,2,1
1366,2,3
1367,2,3
1368,0,3
1369,2,3
1370,0,3
1371,2,0
1372,2,1
1373,1,1
1374,2,1
1375,1,1
1376,2,1
1377,1,3
1378,0,0
1379,2,1
1380,2,1
1381,1,1
1382,2,1
1383,2,0
1384,0,3
1385,1,1
1386,2,0
1387,2,3
1388,2,3
1389,1,1
1390,2,4
1391,2,1
1392,2,1
1393,2,3
1394,1,3
1395,0,1
1396,0,0
1397,2,0
1398,1,1
1399,0,1
1400,2,1
1401,1,1
1402,0,0
1403,0,1
1404,2,1
1405,0,0
1406,2,3
1407,1,1
1408,2,1
1409,1,1
1410,0,4
1411,1,1
1412,1,1
1413,2,1
1414,2,1
1415,0,0
1416,1,1
1417,0,1
1418,0,0
1419,2,1
1420,0,1
1421,1,2
1422,2,4
1423,2,1
1424,0,3
1425,0,3
1426,0,1
1427,2,1
1428,2,3
1429,0,3
1430,1,1
1431,2,3
1432,1,1
1433,2,3
1434,1,1
1435,0,3
1436,0,1
1437,2,0
1438,2,3
1439,1,1
1440,1,3
1441,2,3
1442,2,1
1443,1,1
1444,0,3
1445,1,3
1446,1,1
1447,2,3
1448,2,3
1449,0,1
1450,0,1
1451,1,1
1452,2,1
1453,1,1
1454,2,0
1455,1,1
1456,0,0
1457,2,1
1458,0,1
1459,2,1
1460,1,1
1461,2,1
1462,1,1
1463,1,1
1464,2,1
1465,1,1
1466,1,1
1467,2,1
1468,0,0
1469,1,1
1470,2,3
1471,1,1
1472,1,1
1473,0,1
1474,0,3
1475,1,1
1476,0,0
1477,2,1
1478,2,1
1479,0,3
1480,0,0
1481,2,3
1482,0,4
1483,0,1
1484,1,1
1485,0,0
1486,1,1
1487,1,1
1488,1,1
1489,0,1
1490,0,3
1491,1,1
1492,2,3
1493,1,1
1494,0,1
1495,0,3
1496,2,3
1497,2,3
1498,0,1
1499,0,0
1500,2,1
1501,0,0
1502,1,1
1503,2,1
1504,2,1
1505,2,0
1506,0,0
1507,1,5
1508,2,0
1509,2,3
1510,2,4
1511,1,1
1512,0,3
1513,2,1
1514,2,1
1515,1,1
1516,1,1
1517,0,3
1518,2,3
1519,1,1
1520,0,3
1521,2,3
1522,0,3
1523,2,1
1524,1,1
1525,2,3
1526,2,3
1527,2,1
1528,0,3
1529,0,4
1530,2,4
1531,2,1
1532,1,1
1533,0,3
1534,0,3
1535,2,3
1536,1,1
1537,2,1
1538,1,1
1539,0,3
1540,1,1
1541,0,0
1542,1,1
1543,2,1
1544,1,1
1545,1,1
1546,2,1
1547,1,1
1548,0,0
1549,0,0
1550,2,1
1551,1,1
1552,0,1
1553,1,1
1554,2,1
1555,0,0
1556,2,3
1557,0,0
1558,0,3
1559,2,3
1560,2,3
1561,0,0
1562,1,1
1563,2,1
1564,1,1
1565,1,3
1566,2,3
1567,2,1
1568,2,3
1569,0,0
1570,0,1
1571,2,3
1572,2,1
1573,1,1
1574,2,3
1575,1,1
1576,0,1
1577,2,1
1578,0,3
1579,2,1
1580,2,3
1581,0,1
1582,2,1
1583,1,2
1584,1,1
1585,2,3
1586,2,1
1587,0,1
1588,0,3
1589,2,1
1590,2,1
1591,0,0
1592,2,3
1593,2,1
1594,0,0
1595,2,1
1596,2,1
1597,2,1
1598,2,3
1599,1,1
1600,2,3
1601,2,1
1602,0,3
1603,0,4
1604,0,0
1605,1,1
1606,2,4
1607,2,1
1608,0,0
1609,0,0
1610,1,1
1611,0,0
1612,2,3
1613,1,1
1614,2,3
1615,2,1
1616,0,0
1617,2,3
1618,0,3
1619,2,3
1620,0,3
1621,1,1
1622,2,1
1623,0,1
1624,0,3
1625,2,0
1626,0,1
1627,2,2
1628,2,0
1629,2,3
1630,2,1
1631,2,3
1632,1,1
1633,2,3
1634,2,1
1635,1,1
1636,0,0
1637,2,3
1638,2,4
1639,0,0
1640,2,0
1641,2,3
1642,0,0
1643,1,1
1644,2,1
1645,1,1
1646,2,1
1647,1,1
1648,1,1
1649,2,1
1650,0,3
1651,2,3
1652,1,1
1653,1,1
1654,1,1
1655,0,3
1656,0,0
1657,2,1
1658,1,3
1659,1,1
1660,2,1
1661,2,0
1662,0,0
1663,2,3
1664,2,1
1665,2,1
1666,0,0
1667,2,1
1668,0,3
1669,0,3
1670,2,1
1671,1,1
1672,2,4
1673,0,4
1674,1,4
1675,1,1
1676,2,1
1677,2,1
1678,0,0
1679,1,1
1680,1,1
1681,2,1
1682,0,3
1683,1,1
1684,2,1
1685,0,4
1686,1,1
1687,2,3
1688,2,1
1689,2,3
1690,0,0
1691,0,3
1692,1,1
1693,2,3
1694,0,3
1695,2,1
1696,0,0
1697,2,0
1698,1,1
1699,1,1
1700,0,3
1701,1,1
1702,1,1
1703,0,1
1704,0,1
1705,1,1
1706,0,3
1707,0,3
1708,1,1
1709,1,1
1710,2,5
1711,1,1
1712,1,1
1713,0,1
1714,1,1
1715,0,3
1716,2,3
1717,1,5
1718,2,4
1719,2,1
1720,2,4
1721,1,1
1722,2,3
1723,0,4
1724,2,3
1725,0,1
1726,2,0
1727,2,1
1728,0,4
1729,2,1
1730,2,1
1731,1,1
1732,2,1
1733,1,1
1734,0,3
1735,2,3
1736,2,1
1737,2,3
1738,0,4
1739,2,3
1740,2,3
1741,2,3
1742,1,1
1743,1,1
1744,2,0
1745,2,1
1746,1,1
1747,0,1
1748,0,1
1749,2,0
1750,1,1
1751,2,3
1752,2,4
1753,2,1
1754,0,4
1755,2,1
1756,2,3
1757,1,3
1758,0,0
1759,1,1
1760,2,0
1761,2,4
1762,2,1
1763,2,1
1764,2,3
1765,2,1
1766,1,1
1767,2,3
1768,2,1
1769,0,4
1770,1,1
1771,2,1
1772,1,1
1773,2,3
1774,2,1
1775,0,3
1776,2,1
1777,2,3
1778,0,0
1779,2,1
1780,2,3
1781,2,3
1782,2,3
1783,1,1
1784,2,5
1785,2,3
1786,1,1
1787,2,1
1788,0,4
1789,0,0
1790,2,1
1791,2,3
1792,0,1
1793,0,1
1794,1,1
1795,1,1
1796,2,1
1797,2,1
1798,2,1
1799,1,1
1800,1,1
1801,2,1
1802,2,1
1803,0,3
1804,2,3
1805,0,0
1806,1,1
1807,1,1
1808,1,1
1809,1,1
1810,2,3
1811,2,1
1812,1,1
1813,2,1
1814,1,1
1815,0,1
1816,2,1
1817,2,3
1818,0,0
1819,2,0
1820,2,3
1821,2,3
1822,1,1
1823,0,0
1824,2,1
1825,1,1
1826,1,1
1827,0,1
1828,1,1
1829,1,1
1830,1,1
1831,0,3
1832,2,1
1833,2,1
1834,0,0
1835,2,1
1836,2,3
1837,2,3
1838,2,1
1839,1,1
1840,1,1
1841,1,1
1842,1,1
1843,1,1
1844,0,4
1845,0,2
1846,2,1
1847,1,2
1848,2,1
1849,2,1
1850,2,3
1851,0,0
1852,2,1
1853,0,3
1854,2,3
1855,1,1
1856,2,1
1857,0,1
1858,1,1
1859,2,3
1860,2,3
1861,2,3
1862,2,1
1863,2,3
1864,2,1
1865,2,3
1866,2,1
1867,2,1
1868,1,1
1869,0,1
1870,2,0
1871,0,1
1872,1,1
1873,0,0
1874,1,2
1875,0,0
1876,2,1
1877,0,1
1878,1,1
1879,1,1
1880,2,1
1881,2,1
1882,0,3
1883,0,3
1884,0,0
1885,2,1
1886,2,1
1887,0,0
1888,0,3
1889,2,3
1890,1,1
1891,1,1
1892,1,1
1893,0,0
1894,1,1
1895,2,1
1896,0,0
1897,1,1
1898,1,1
1899,1,1
1900,2,1
1901,1,1
1902,2,1
1903,1,1
1904,2,3
1905,0,0
1906,1,1
1907,0,1
1908,1,1
1909,2,1
1910,1,1
1911,2,1
1912,2,2
1913,1,1
1914,2,1
1915,1,1
1916,2,3
1917,2,1
1918,2,1
1919,1,1
1920,1,1
1921,1,1
1922,1,1
1923,0,1
1924,1,1
1925,2,3
1926,1,1
1927,2,1
1928,2,1
1929,2,0
1930,2,1
1931,2,1
1932,2,1
1933,2,1
1934,0,3
1935,0,4
1936,1,1
1937,0,3
1938,2,1
1939,0,3
1940,2,1
1941,1,1
1942,0,3
1943,1,1
1944,0,1
1945,1,1
1946,0,2
1947,2,0
1948,1,1
1949,2,3
1950,2,4
1951,0,0
1952,0,3
1953,1,1
1954,2,1
1955,0,0
1956,1,1
1957,0,4
1958,0,3
1959,1,3
1960,1,1
1961,1,1
1962,2,1
1963,0,3
1964,0,3
1965,2,4
1966,2,1
1967,1,1
1968,1,2
1969,0,0
1970,1,1
1971,2,3
1972,2,3
1973,1,1
1974,2,3
1975,2,1
1976,0,1
1977,1,3
1978,2,0
1979,2,3
1980,1,1
1981,0,0
1982,2,1
1983,0,3
1984,1,2
1985,0,1
1986,0,0
1987,0,0
1988,1,1
1989,2,3
1990,0,0
1991,1,3
1992,0,3
1993,0,3
1994,2,3
1995,1,1
1996,1,1
1997,0,3
1998,2,1
1999,1,1
2000,0,3
2001,2,1
2002,0,1
2003,2,0
2004,2,4
2005,2,4
2006,2,1
2007,0,3
2008,1,1
2009,0,0
2010,1,1
2011,1,4
2012,1,1
2013,2,3
2014,0,1
2015,2,1
2016,0,0
2017,2,3
2018,1,3
2019,1,1
2020,1,1
2021,1,1
2022,2,1
2023,1,1
2024,0,0
2025,0,0
2026,1,1
2027,2,4
2028,2,3
2029,1,3
2030,2,1
2031,0,0
2032,2,0
2033,0,3
2034,2,1
2035,2,3
2036,2,1
2037,2,1
2038,1,1
2039,2,1
2040,2,1
2041,0,3
2042,2,3
2043,0,3
2044,0,1
2045,0,0
2046,2,1
2047,2,1
2048,2,1
2049,2,1
2050,2,0
2051,2,1
2052,2,3
2053,0,0
2054,0,3
2055,2,1
2056,2,3
2057,0,1
2058,0,3
2059,1,1
2060,1,1
2061,1,1
2062,0,1
2063,0,3
2064,2,4
2065,2,1
2066,0,0
2067,2,0
2068,2,2
2069,2,0
2070,1,1
2071,0,1
2072,1,1
2073,0,0
2074,0,0
2075,0,4
2076,1,1
2077,2,1
2078,2,1
2079,0,0
2080,2,1
2081,2,1
2082,1,1
2083,1,1
2084,1,1
2085,0,0
2086,2,3
2087,1,2
2088,2,0
2089,2,1
2090,1,1
2091,2,1
2092,0,0
2093,2,1
2094,0,0
2095,1,1
2096,1,1
2097,2,4
2098,1,1
2099,2,1
2100,1,1
2101,1,1
2102,2,1
2103,0,1
2104,2,3
2105,1,2
2106,2,1
2107,0,1
2108,0,3
2109,0,3
2110,1,1
2111,0,0
2112,0,1
2113,0,0
2114,2,3
2115,1,1
2116,2,1
2117,0,0
2118,0,0
2119,2,3
2120,1,1
2121,0,0
2122,1,1
2123,2,3
2124,1,1
2125,2,4
2126,1,2
2127,2,1
2128,2,1
2129,1,3
2130,1,1
2131,1,1
2132,0,3
2133,2,3
2134,1,1
2135,1,4
2136,0,3
2137,0,0
2138,2,1
2139,0,0
2140,0,3
2141,0,0
2142,2,0
2143,0,0
2144,2,0
2145,0,0
2146,0,3
2147,1,1
2148,2,3
2149,0,1
2150,2,1
2151,1,1
2152,1,1
2153,1,2
2154,0,4
2155,0,0
2156,1,2
2157,1,1
2158,2,0
2159,2,4
2160,1,2
2161,2,0
2162,1,3
2163,2,3
2164,1,1
2165,2,0
2166,2,0
2167,1,1
2168,2,1
2169,0,3
2170,0,1
2171,1,1
2172,2,0
2173,1,1
2174,2,1
2175,2,3
2176,2,1
2177,0,3
2178,2,3
2179,1,1
2180,2,1
2181,2,3
2182,0,0
2183,0,2
2184,2,3
2185,0,0
2186,2,1
2187,1,1
2188,2,3
2189,1,1
2190,1,1
2191,0,0
2192,1,1
2193,2,1
2194,1,1
2195,1,1
2196,2,1
2197,1,1
2198,2,1
2199,1,1
2200,1,1
2201,2,3
2202,0,0
2203,0,3
2204,2,3
2205,0,1
2206,2,1
2207,2,1
2208,2,3
2209,0,0
2210,0,4
2211,0,0
2212,2,1
2213,2,3
2214,2,3
2215,1,1
2216,1,1
2217,1,1
2218,2,1
2219,2,3
2220,0,3
2221,1,1
2222,1,1
2223,1,1
2224,1,5
2225,0,3
2226,0,3
2227,1,3
2228,0,3
2229,0,3
2230,1,1
2231,0,4
2232,2,1
2233,0,1
2234,1,1
2235,1,1
2236,2,3
2237,0,4
2238,2,1
2239,0,0
2240,2,3
2241,1,5
2242,1,1
2243,2,3
2244,2,3
2245,1,5
2246,2,1
2247,1,1
2248,1,1
2249,2,4
2250,2,3
2251,0,1
2252,2,1
2253,1,1
2254,1,1
2255,2,3
2256,0,3
2257,1,1
2258,1,1
2259,2,0
2260,0,3
2261,2,1
2262,2,3
2263,2,3
2264,0,1
2265,1,1
2266,2,5
2267,1,1
2268,2,3
2269,0,0
2270,2,0
2271,2,1
2272,0,0
2273,2,3
2274,0,3
2275,1,1
2276,1,2
2277,0,0
2278,0,3
2279,2,0
2280,2,4
2281,2,3
2282,1,1
2283,1,1
2284,2,1
2285,2,1
2286,0,1
2287,1,1
2288,2,1
2289,0,1
2290,0,1
2291,1,1
2292,0,0
2293,1,1
2294,0,3
2295,2,4
2296,0,2
2297,0,1
2298,2,3
2299,0,4
2300,2,3
2301,1,1
2302,2,0
2303,1,1
2304,0,3
2305,1,1
2306,2,1
2307,0,3
2308,0,3
2309,0,3
2310,2,1
2311,2,3
2312,1,1
2313,1,1
2314,0,0
2315,2,1
2316,2,3
2317,2,3
2318,2,1
2319,0,0
2320,0,0
2321,2,3
2322,1,1
2323,0,3
2324,1,1
2325,0,0
2326,0,1
2327,2,1
2328,0,0
2329,1,1
2330,0,3
2331,0,0
2332,1,1
2333,0,3
2334,2,3
2335,2,3
2336,2,1
2337,1,1
2338,1,1
2339,1,1
2340,0,3
2341,0,3
2342,2,1
2343,0,0
2344,2,4
2345,2,4
2346,1,1
2347,2,3
2348,1,1
2349,1,2
2350,2,3
2351,0,1
2352,2,1
2353,0,0
2354,1,1
2355,2,3
2356,1,1
2357,0,3
2358,2,3
2359,2,2
2360,1,1
2361,1,3
2362,2,1
2363,2,3
2364,1,1
2365,1,3
2366,2,1
2367,0,1
2368,0,0
2369,2,5
2370,2,3
2371,1,1
2372,1,5
2373,1,1
2374,2,3
2375,0,3
2376,1,1
2377,1,3
2378,2,3
2379,1,1
2380,1,0
2381,2,1
2382,0,1
2383,2,3
2384,0,3
2385,0,0
2386,0,0
2387,2,1
2388,0,3
2389,2,1
2390,0,0
2391,2,1
2392,0,0
2393,2,1
2394,0,3
2395,0,1
2396,2,1
2397,1,1
2398,2,0
2399,2,3
2400,2,1
2401,2,1
2402,0,0
2403,0,0
2404,2,1
2405,0,1
2406,0,3
2407,2,2
2408,1,1
2409,0,1
2410,1,0
2411,1,1
2412,1,1
2413,1,2
2414,1,1
2415,2,3
2416,2,0
2417,1,1
2418,2,4
2419,1,1
2420,1,1
2421,1,1
2422,2,3
2423,1,1
2424,2,1
2425,2,3
2426,0,3
2427,1,1
2428,2,1
2429,2,3
2430,1,0
2431,2,1
2432,1,1
2433,1,1
2434,1,1
2435,0,3
2436,2,0
2437,1,1
2438,0,3
2439,1,1
2440,2,1
2441,2,1
2442,0,0
2443,2,1
2444,2,3
2445,1,1
2446,1,1
2447,0,1
2448,1,1
2449,2,3
2450,2,0
2451,1,1
2452,0,0
2453,1,1
2454,2,3
2455,0,3
2456,2,1
2457,0,4
2458,2,1
2459,0,0
2460,2,3
2461,0,0
2462,0,3
2463,0,1
2464,2,3
2465,2,1
2466,0,0
2467,2,0
2468,2,3
2469,1,1
2470,2,1
2471,0,3
2472,0,0
2473,2,1
2474,2,1
2475,1,1
2476,0,0
2477,0,3
2478,2,1
2479,1,1
2480,1,5
2481,1,0
2482,0,4
2483,1,1
2484,1,1
2485,2,0
2486,2,4
2487,0,1
2488,2,1
2489,2,3
2490,2,1
2491,2,1
2492,0,0
2493,2,1
2494,0,0
2495,2,1
2496,1,1
2497,2,1
2498,2,1
2499,0,1
2500,2,0
2501,2,1
2502,2,3
2503,0,1
2504,1,1
2505,1,1
2506,2,1
2507,0,0
2508,2,1
2509,2,3
2510,2,3
2511,0,1
2512,2,3
2513,1,1
2514,2,1
2515,2,4
2516,2,3
2517,2,4
2518,2,3
2519,2,3
2520,0,0
2521,1,1
2522,1,1
2523,1,1
2524,1,1
2525,1,1
2526,2,1
2527,2,1
2528,1,1
2529,0,3
2530,0,0
2531,1,1
2532,0,1
2533,1,1
2534,0,1
2535,2,1
2536,2,1
2537,2,3
2538,0,3
2539,2,3
2540,2,1
2541,1,1
2542,0,0
2543,2,1
2544,0,1
2545,2,1
2546,0,0
2547,2,3
2548,2,1
2549,1,1
2550,1,1
2551,0,0
2552,0,0
2553,1,1
2554,2,3
2555,2,1
2556,0,0
2557,0,0
2558,2,3
2559,2,1
2560,2,5
2561,1,1
2562,1,1
2563,2,1
2564,1,1
2565,0,1
2566,2,1
2567,2,3
2568,2,3
2569,2,0
2570,2,4
2571,0,0
2572,0,4
2573,2,1
2574,1,1
2575,0,0
2576,1,3
2577,0,1
2578,1,1
2579,2,1
2580,2,1
2581,0,3
2582,2,0
2583,1,1
2584,1,1
2585,1,1
2586,1,1
2587,1,1
2588,1,1
2589,0,3
2590,2,3
2591,1,3
2592,1,1
2593,2,0
2594,1,1
2595,2,1
2596,2,3
2597,1,1
2598,0,3
2599,0,1
2600,1,1
2601,1,1
2602,1,1
2603,1,1
2604,0,0
2605,2,3
2606,1,1
2607,0,3
2608,1,1
2609,2,4
2610,2,1
2611,2,2
2612,0,1
2613,0,4
2614,1,1
2615,2,1
2616,0,0
2617,2,0
2618,0,0
2619,2,3
2620,0,0
2621,2,1
2622,0,3
2623,2,3
2624,0,3
2625,2,1
2626,1,1
2627,1,1
2628,0,0
2629,0,0
2630,1,1
2631,1,1
2632,1,2
2633,1,1
2634,1,3
2635,2,4
2636,0,1
2637,0,3
2638,1,1
2639,2,1
2640,0,1
2641,2,3
2642,0,4
2643,0,1
2644,2,3
2645,2,1
2646,1,1
2647,2,1
2648,1,1
2649,2,1
2650,2,3
2651,2,3
2652,1,0
2653,0,0
2654,2,3
2655,2,3
2656,1,1
2657,1,1
2658,1,3
2659,2,1
2660,0,1
2661,0,1
2662,1,1
2663,1,0
2664,2,1
2665,0,3
2666,0,0
2667,2,3
2668,2,1
2669,2,3
2670,2,0
2671,1,1
2672,2,1
2673,2,3
2674,2,1
2675,2,1
2676,2,3
2677,2,3
2678,0,1
2679,1,1
2680,1,1
2681,2,0
2682,0,0
2683,2,1
2684,0,3
2685,2,3
2686,2,3
2687,2,1
2688,2,1
2689,2,3
2690,2,4
2691,0,3
2692,2,1
2693,2,1
2694,2,1
2695,2,1
2696,2,1
2697,2,1
2698,2,1
2699,2,1
2700,0,0
2701,0,3
2702,2,0
2703,2,0
2704,0,0
2705,1,1
2706,1,1
2707,0,3
2708,1,1
2709,2,1
2710,2,1
2711,1,1
2712,1,1
2713,2,3
2714,2,3
2715,2,3
2716,0,3
2717,2,3
2718,2,0
2719,1,1
2720,2,3
2721,2,0
2722,0,3
2723,0,0
2724,2,1
2725,2,3
2726,1,1
2727,2,3
2728,1,1
2729,1,1
2730,2,3
2731,0,0
2732,2,1
2733,1,1
2734,2,1
2735,2,3
2736,1,1
2737,1,1
2738,2,0
2739,2,3
2740,0,0
2741,0,0
2742,0,0
2743,1,1
2744,0,1
2745,0,1
2746,2,1
2747,0,1
2748,1,1
2749,1,3
2750,2,0
2751,2,4
2752,1,1
2753,1,1
2754,1,1
2755,0,3
2756,0,0
2757,2,1
2758,0,0
2759,2,0
2760,1,0
2761,2,1
2762,2,1
2763,1,5
2764,1,1
2765,2,3
2766,1,2
2767,0,1
2768,1,1
2769,1,1
2770,1,1
2771,0,1
2772,2,0
2773,2,3
2774,0,3
2775,0,0
2776,2,1
2777,2,0
2778,2,4
2779,2,0
2780,0,3
2781,2,3
2782,1,1
2783,0,0
2784,1,2
2785,2,3
2786,0,1
2787,0,0
2788,0,3
2789,2,3
2790,0,0
2791,1,1
2792,1,1
2793,2,3
2794,2,1
2795,0,0
2796,1,1
2797,1,1
2798,2,3
2799,1,1
2800,0,1
2801,1,1
2802,0,1
2803,1,1
2804,0,0
2805,1,1
2806,1,1
2807,0,1
2808,1,1
2809,2,3
2810,0,0
2811,1,1
2812,1,1
2813,2,1
2814,0,0
2815,2,1
2816,2,1
2817,0,1
2818,2,3
2819,2,1
2820,1,1
2821,1,1
2822,2,1
2823,0,0
2824,1,1
2825,2,1
2826,2,1
2827,0,1
2828,2,1
2829,2,1
2830,2,1
2831,0,0
2832,2,1
2833,2,3
2834,2,3
2835,1,1
2836,2,3
2837,1,1
2838,1,1
2839,0,0
2840,0,1
2841,1,1
2842,1,1
2843,0,1
2844,0,1
2845,1,1
2846,2,1
2847,2,3
2848,2,3
2849,1,1
2850,0,0
2851,2,1
2852,1,1
2853,0,3
2854,2,3
2855,2,0
2856,0,0
2857,2,0
2858,0,0
2859,1,1
2860,2,0
2861,1,1
2862,2,1
2863,1,3
2864,1,2
2865,1,1
2866,1,1
2867,2,1
2868,0,3
2869,2,1
2870,2,1
2871,2,0
2872,2,1
2873,2,3
2874,2,0
2875,1,1
2876,1,1
2877,1,1
2878,0,0
2879,1,1
2880,2,0
2881,0,1
2882,1,1
2883,0,1
2884,0,0
2885,0,3
2886,0,4
2887,2,3
2888,0,1
2889,0,1
2890,1,1
2891,1,1
2892,2,1
2893,0,1
2894,1,1
2895,0,0
2896,0,3
2897,2,1
2898,1,1
2899,1,1
2900,1,2
2901,0,3
2902,2,1
2903,1,3
2904,2,1
2905,2,4
2906,1,3
2907,2,1
2908,1,1
2909,2,0
2910,0,1
2911,2,0
2912,0,0
2913,2,3
2914,2,0
2915,0,1
2916,2,1
2917,0,1
2918,2,0
2919,1,1
2920,1,1
2921,0,4
2922,0,1
2923,0,0
2924,2,3
2925,0,0
2926,2,0
2927,0,3
2928,1,1
2929,2,1
2930,2,1
2931,2,1
2932,2,1
2933,1,1
2934,2,1
2935,1,1
2936,1,1
2937,0,0
2938,2,1
2939,0,4
2940,1,1
2941,2,1
2942,0,4
2943,1,1
2944,1,1
2945,2,3
2946,0,0
2947,1,3
2948,0,1
2949,1,3
2950,1,1
2951,2,1
2952,0,1
2953,1,3
2954,0,3
2955,2,3
2956,1,1
2957,2,3
2958,2,1
2959,0,0
2960,0,4
2961,1,3
2962,1,1
2963,1,1
2964,1,1
2965,2,1
2966,0,3
2967,0,3
2968,0,3
2969,2,1
2970,1,1
2971,0,0
2972,2,1
2973,0,3
2974,1,1
2975,1,1
2976,0,0
2977,2,3
2978,1,1
2979,2,3
2980,0,0
2981,2,1
2982,0,1
2983,2,1
2984,2,1
2985,1,1
2986,0,0
2987,0,0
2988,1,1
2989,0,1
2990,0,0
2991,0,0
2992,0,1
2993,1,1
2994,0,0
2995,0,1
2996,2,5
2997,2,0
2998,0,0
2999,2,3
3000,2,1
3001,1,4
3002,2,0
3003,1,1
3004,0,3
3005,2,1
3006,0,1
3007,2,3
3008,1,3
3009,2,1
3010,2,3
3011,2,0
3012,0,0
3013,1,1
3014,0,1
3015,1,1
3016,2,1
3017,1,1
3018,0,0
3019,2,3
3020,2,1
3021,0,0
3022,1,1
3023,2,4
3024,2,3
3025,2,1
3026,0,0
3027,1,1
3028,1,1
3029,2,1
3030,2,1
3031,2,1
3032,1,1
3033,2,1
3034,1,3
3035,1,1
3036,0,4
3037,0,3
3038,1,1
3039,1,1
3040,2,3
3041,2,3
3042,1,1
3043,1,1
3044,0,4
3045,2,3
3046,2,1
3047,1,1
3048,0,3
3049,2,3
3050,0,3
3051,1,1
3052,2,1
3053,2,0
3054,1,1
3055,1,1
3056,2,1
3057,0,0
3058,1,1
3059,1,1
3060,2,3
3061,1,1
3062,0,0
3063,0,1
3064,1,1
3065,2,3
3066,0,0
3067,1,3
3068,2,1
3069,2,1
3070,2,1
3071,1,1
3072,1,1
3073,0,3
3074,1,1
3075,2,0
3076,0,3
3077,0,3
3078,0,0
3079,2,3
3080,0,0
3081,1,1
3082,2,4
3083,1,1
3084,0,0
3085,0,3
3086,1,5
3087,1,1
3088,0,3
3089,1,1
3090,1,3
3091,0,3
3092,0,0
3093,0,3
3094,0,4
3095,1,1
3096,1,1
3097,2,3
3098,0,0
3099,0,3
3100,2,1
3101,0,0
3102,1,1
3103,2,3
3104,0,1
3105,0,3
3106,2,1
3107,2,1
3108,1,1
3109,1,0
3110,1,1
3111,2,1
3112,1,1
3113,0,0
3114,1,1
3115,2,1
3116,2,1
3117,0,3
3118,2,1
3119,2,1
3120,0,3
3121,0,1
3122,2,3
3123,0,0
3124,1,1
3125,0,1
3126,1,0
3127,1,1
3128,1,1
3129,1,1
3130,2,3
3131,1,1
3132,2,0
3133,0,3
3134,0,4
3135,2,1
3136,0,4
3137,1,3
3138,2,1
3139,1,0
3140,2,3
3141,2,1
3142,0,0
3143,2,3
3144,0,3
3145,2,3
3146,1,3
3147,2,3
3148,0,0
3149,0,2
3150,1,1
3151,2,3
3152,2,1
3153,1,1
3154,0,4
3155,0,0
3156,0,0
3157,1,1
3158,2,3
3159,2,1
3160,1,0
3161,0,3
3162,0,0
3163,0,0
3164,1,1
3165,1,1
3166,1,2
3167,2,1
3168,0,0
3169,0,1
3170,2,3
3171,1,1
3172,2,1
3173,2,3
3174,2,3
3175,0,3
3176,2,1
3177,1,1
3178,0,4
3179,1,1
3180,0,0
3181,2,1
3182,0,1
3183,2,3
3184,1,1
3185,0,3
3186,0,1
3187,2,3
3188,2,1
3189,1,1
3190,2,1
3191,2,1
3192,0,3
3193,0,1
3194,0,3
3195,0,0
3196,2,1
3197,0,0
3198,2,1
3199,2,1
3200,1,1
3201,1,1
3202,0,0
3203,2,3
3204,0,0
3205,1,1
3206,1,3
3207,1,1
3208,0,0
3209,2,1
3210,1,1
3211,1,1
3212,2,0
3213,2,0
3214,0,4
3215,2,1
3216,1,1
3217,0,0
3218,0,0
3219,2,1
3220,1,1
3221,2,3
3222,1,1
3223,1,1
3224,2,3
3225,0,5
3226,2,3
3227,1,1
3228,0,1
3229,0,0
3230,2,1
3231,2,0
3232,1,1
3233,2,2
3234,2,1
3235,1,1
3236,0,3
3237,2,3
3238,1,1
3239,1,1
3240,2,3
3241,1,1
3242,0,0
3243,2,3
3244,2,3
3245,0,3
3246,2,0
3247,1,1
3248,0,5
3249,2,1
3250,0,3
3251,2,3
3252,0,1
3253,1,1
3254,2,0
3255,2,1
3256,2,4
3257,1,1
3258,2,1
3259,0,3
3260,2,4
3261,1,1
3262,2,4
3263,1,1
3264,2,1
3265,1,1
3266,0,3
3267,1,5
3268,1,1
3269,2,0
3270,2,3
3271,0,3
3272,1,1
3273,0,0
3274,2,3
3275,2,0
3276,2,2
3277,1,1
3278,0,0
3279,0,3
3280,2,4
3281,1,5
3282,1,1
3283,0,0
3284,0,3
3285,1,3
3286,2,4
3287,0,0
3288,2,1
3289,0,4
3290,2,0
3291,0,3
3292,2,3
3293,1,1
3294,1,1
3295,0,0
3296,1,1
3297,0,3
3298,0,0
3299,1,1
3300,1,1
3301,0,4
3302,0,0
3303,1,1
3304,2,1
3305,1,1
3306,2,1
3307,2,1
3308,0,3
3309,2,1
3310,0,0
3311,2,4
3312,0,0
3313,0,1
3314,1,1
3315,1,1
3316,1,1
3317,2,1
3318,1,1
3319,2,1
3320,2,1
3321,2,0
3322,0,0
3323,1,1
3324,2,3
3325,1,2
3326,2,1
3327,2,1
3328,2,3
3329,2,3
3330,2,3
3331,2,1
3332,2,1
3333,2,1
3334,1,1
3335,2,1
3336,1,1
3337,2,3
3338,1,1
3339,1,1
3340,2,2
3341,2,0
3342,1,1
3343,0,3
3344,2,1
3345,1,1
3346,0,3
3347,2,4
3348,1,1
3349,2,3
3350,2,0
3351,2,1
3352,2,1
3353,2,1
3354,0,0
3355,0,0
3356,0,4
3357,0,1
3358,2,3
3359,1,1
3360,1,0
3361,1,1
3362,2,1
3363,0,0
3364,1,1
3365,0,3
3366,2,1
3367,1,1
3368,1,1
3369,0,1
3370,1,1
3371,2,3
3372,2,3
3373,1,1
3374,1,1
3375,1,1
3376,2,1
3377,1,1
3378,1,2
3379,1,1
3380,0,3
3381,2,3
3382,1,1
3383,2,1
3384,2,1
3385,1,1
3386,0,4
3387,0,0
3388,2,1
3389,1,1
3390,0,3
3391,0,0
3392,0,0
3393,2,3
3394,2,3
3395,1,1
3396,0,0
3397,2,1
3398,2,3
3399,2,0
3400,2,0
3401,1,1
3402,2,1
3403,1,1
3404,0,0
3405,2,3
3406,2,1
3407,2,1
3408,0,0
3409,1,1
3410,2,3
3411,1,1
3412,2,1
3413,0,3
3414,0,1
3415,1,1
3416,2,3
3417,1,1
3418,2,1
3419,2,1
3420,0,0
3421,2,1
3422,2,2
3423,0,3
3424,2,4
3425,2,3
3426,0,3
3427,2,3
3428,0,1
3429,0,0
3430,0,3
3431,2,0
3432,0,1
3433,1,1
3434,2,1
3435,1,1
3436,2,1
3437,1,3
3438,1,1
3439,0,3
3440,0,3
3441,2,0
3442,1,0
3443,1,1
3444,1,1
3445,2,1
3446,0,3
3447,2,4
3448,0,0
3449,1,1
3450,1,1
3451,1,1
3452,2,3
3453,1,1
3454,2,1
3455,0,3
3456,2,1
3457,1,1
3458,2,1
3459,0,3
3460,1,1
3461,2,1
3462,1,3
3463,2,1
3464,1,1
3465,0,3
3466,1,1
3467,2,3
3468,2,1
3469,1,1
3470,1,1
3471,1,1
3472,2,0
3473,0,0
3474,2,1
3475,0,2
3476,1,1
3477,2,1
3478,2,1
3479,1,1
3480,2,3
3481,1,1
3482,1,3
3483,0,1
3484,2,3
3485,1,1
3486,1,1
3487,2,3
3488,0,0
3489,2,0
3490,2,1
3491,0,3
3492,0,0
3493,1,1
3494,2,1
3495,0,0
3496,2,1
3497,2,3
3498,1,1
3499,2,3
3500,1,1
3501,2,1
3502,2,1
3503,1,1
3504,0,0
3505,1,1
3506,2,0
3507,1,1
3508,0,3
3509,0,3
3510,2,0
3511,1,2
3512,0,1
3513,1,1
3514,0,3
3515,2,3
3516,0,3
3517,2,4
3518,2,4
3519,1,1
3520,2,3
3521,1,3
3522,1,0
3523,0,0
3524,2,0
3525,2,3
3526,1,1
3527,1,1
3528,2,3
3529,0,0
3530,1,1
3531,0,0
3532,1,1
3533,1,1
